r.squared,adj.r.squared,statistic,p.value,df.residual,nobs,se_type,model
0.045479691609663475,0.00558929066200764,1.3885335505569043,0.15627647955621987,335,350,HC2,reg1
0.17690350202964455,0.1425054394278984,5.7507797893760015,4.614604071666981e-10,335,350,HC2,reg2
0.27208824503675055,0.2416680522920177,12.996671512872382,1.9523338985422187e-24,335,350,HC2,reg3
