r.squared,adj.r.squared,statistic,p.value,df.residual,nobs,se_type,model
0.045479691609663475,0.00558929066200764,1.3885335505569014,0.15627647955622104,335,350,HC2,reg1
0.17690350202964433,0.14250543942789817,5.750779789376024,4.6146040716664604e-10,335,350,HC2,reg2
0.27208824503675055,0.2416680522920177,12.996671512872288,1.9523338985429232e-24,335,350,HC2,reg3
